04/16/24 09:40:56 AM,0,425,21.5,19,315,21.1,21
04/16/24 09:41:01 AM,0,428,21.5,19,314,21.2,21
04/16/24 09:41:06 AM,0,428,21.6,19,313,21.1,20
04/16/24 09:41:12 AM,0,429,21.5,19,311,21.2,20
04/16/24 09:41:17 AM,0,427,21.6,19,311,21.2,20
04/16/24 09:41:22 AM,0,426,21.5,19,310,21.1,20
04/16/24 09:41:27 AM,0,425,21.5,19,307,21.1,20
04/16/24 09:42:01 AM,0,433,21.6,19,310,21.2,21
04/16/24 09:42:06 AM,0,431,21.6,19,312,21.3,21
04/16/24 09:42:11 AM,0,426,21.5,19,312,21.2,20
04/16/24 09:42:53 AM,0,427,21.6,19,312,21.2,21
04/16/24 09:42:58 AM,0,428,21.6,19,309,21.2,20
04/16/24 09:43:03 AM,0,430,21.6,19,306,21.2,20
04/16/24 09:43:08 AM,0,431,21.5,19,305,21.2,20
04/16/24 09:43:13 AM,0,431,21.6,19,303,21.2,20
04/16/24 09:43:18 AM,0,430,21.6,19,304,21.2,21
04/16/24 09:43:23 AM,0,429,21.6,19,305,21.2,21
04/16/24 09:43:28 AM,0,429,21.6,19,304,21.2,21
04/16/24 09:43:33 AM,0,429,21.7,19,300,21.2,21
04/16/24 09:43:38 AM,0,430,21.7,19,298,21.3,20
04/16/24 09:43:44 AM,0,431,21.6,19,293,21.2,21
04/16/24 09:43:49 AM,0,432,21.6,19,292,21.2,21
04/16/24 09:43:54 AM,0,433,21.5,19,291,21.2,21
04/16/24 09:43:59 AM,0,433,21.6,19,293,21.2,20
04/16/24 09:44:04 AM,0,432,21.6,19,297,21.3,21
04/16/24 09:44:09 AM,0,430,21.6,19,298,21.2,20
04/16/24 09:44:14 AM,0,427,21.6,19,300,21.3,21
04/16/24 09:44:19 AM,0,426,21.7,19,303,21.2,20
04/16/24 09:44:24 AM,0,426,21.7,19,304,21.2,20
04/16/24 09:44:29 AM,0,425,21.7,19,305,21.3,21
04/16/24 09:44:34 AM,0,425,21.6,19,306,21.2,20
04/16/24 09:44:39 AM,0,425,21.6,19,306,21.3,20
04/16/24 09:54:00 AM,0,417,21.8,14,307,21.4,18
04/16/24 09:54:05 AM,0,412,21.8,13,304,21.4,17
04/16/24 09:54:10 AM,0,409,21.8,11,298,21.4,15
04/16/24 09:54:15 AM,0,402,21.8,9,290,21.4,13
04/16/24 09:54:21 AM,0,395,21.8,8,288,21.4,11
04/16/24 09:54:26 AM,0,392,21.8,6,285,21.4,10
04/16/24 09:54:31 AM,0,387,21.8,5,286,21.5,8
04/16/24 09:54:36 AM,0,383,21.8,5,286,21.4,7
04/16/24 09:54:41 AM,0,380,21.8,5,284,21.4,6
04/16/24 09:54:46 AM,0,378,21.7,5,279,21.3,5
04/16/24 09:54:51 AM,0,373,21.8,5,275,21.4,5
04/16/24 09:56:46 AM,0,339,21.7,5,242,21.3,5
04/16/24 09:56:51 AM,0,341,21.7,5,241,21.4,5
04/16/24 09:56:56 AM,0,342,21.7,5,242,21.4,5
04/16/24 09:57:01 AM,0,342,21.7,5,244,21.3,5
04/16/24 09:57:06 AM,0,344,21.6,5,245,21.3,5
04/16/24 09:57:11 AM,0,345,21.6,5,248,21.4,5
04/16/24 09:57:16 AM,0,346,21.6,5,250,21.3,5
04/16/24 09:57:21 AM,0,347,21.6,5,250,21.3,5
04/16/24 09:57:26 AM,0,348,21.6,5,250,21.4,5
04/16/24 09:57:40 AM,0,342,21.6,5,247,21.3,5
04/16/24 09:57:45 AM,0,339,21.7,5,248,21.3,5
04/16/24 09:57:50 AM,0,337,21.6,5,250,21.3,5
04/16/24 09:57:55 AM,0,335,21.6,5,251,21.3,5
04/16/24 09:58:00 AM,0,335,21.6,5,250,21.3,5
04/16/24 09:58:05 AM,0,335,21.6,5,248,21.3,5
04/16/24 09:58:10 AM,0,337,21.6,5,243,21.3,5
04/16/24 09:58:16 AM,0,340,21.6,5,240,21.3,5
04/16/24 09:58:21 AM,0,341,21.6,5,237,21.3,5
04/16/24 09:58:26 AM,0,343,21.6,5,238,21.3,5
04/16/24 09:58:31 AM,0,344,21.5,5,239,21.3,5
04/16/24 09:58:36 AM,0,343,21.6,5,244,21.3,5
04/16/24 09:58:41 AM,0,342,21.5,5,249,21.3,5
04/16/24 09:58:46 AM,0,340,21.6,5,250,21.3,5
04/16/24 09:58:51 AM,0,338,21.6,5,252,21.3,5
04/16/24 09:58:56 AM,0,337,21.6,5,253,21.3,5
04/16/24 09:59:01 AM,0,334,21.6,5,253,21.3,5
04/16/24 09:59:06 AM,0,333,21.5,5,251,21.3,5
04/16/24 09:59:11 AM,0,333,21.6,5,249,21.3,5
04/16/24 09:59:16 AM,0,335,21.6,5,246,21.3,5
04/16/24 09:59:21 AM,0,338,21.6,5,245,21.3,5
04/16/24 09:59:27 AM,0,339,21.6,5,243,21.3,5
04/16/24 09:59:32 AM,0,339,21.6,5,240,21.3,5
04/16/24 09:59:37 AM,0,339,21.6,5,239,21.3,5
04/16/24 09:59:42 AM,0,339,21.5,5,237,21.3,5
04/16/24 09:59:47 AM,0,340,21.6,5,235,21.3,5
04/16/24 09:59:52 AM,0,340,21.5,5,236,21.3,5
04/16/24 09:59:57 AM,0,341,21.5,5,239,21.3,5
04/16/24 10:00:02 AM,0,342,21.5,5,242,21.3,5
04/16/24 10:00:07 AM,0,343,21.5,5,244,21.3,5
04/16/24 10:00:12 AM,0,343,21.5,5,245,21.3,5
04/16/24 10:00:17 AM,0,345,21.5,5,242,21.3,5
04/16/24 10:00:22 AM,0,346,21.5,5,241,21.3,5
04/16/24 10:00:27 AM,0,346,21.6,5,240,21.3,5
04/16/24 10:00:32 AM,0,346,21.5,5,239,21.3,5
04/16/24 10:00:38 AM,0,342,21.5,5,240,21.3,5
04/16/24 10:00:43 AM,0,340,21.5,5,242,21.3,5
04/16/24 10:00:48 AM,0,339,21.5,5,245,21.3,5
04/16/24 10:00:53 AM,0,338,21.5,5,245,21.3,5
04/16/24 10:00:58 AM,0,337,21.5,5,245,21.3,5
04/16/24 10:01:03 AM,0,337,21.5,5,246,21.3,5
04/16/24 10:01:08 AM,0,336,21.5,5,246,21.3,5
04/16/24 10:01:13 AM,0,334,21.5,5,246,21.3,5
04/16/24 10:01:18 AM,0,333,21.5,5,244,21.3,5
04/16/24 10:01:23 AM,0,333,21.5,5,241,21.3,5
04/16/24 10:01:28 AM,0,335,21.5,5,240,21.3,5
04/16/24 10:01:33 AM,0,336,21.5,5,238,21.3,5
04/16/24 10:01:38 AM,0,337,21.6,5,240,21.3,5
04/16/24 10:01:43 AM,0,338,21.5,5,243,21.2,5
04/16/24 10:01:48 AM,0,339,21.5,5,246,21.3,5
04/16/24 10:01:54 AM,0,339,21.5,5,248,21.3,5
04/16/24 10:01:59 AM,0,339,21.6,5,248,21.3,5
04/16/24 10:02:04 AM,0,338,21.5,5,244,21.3,5
04/16/24 10:02:09 AM,0,336,21.5,5,244,21.3,5
04/16/24 10:02:14 AM,0,334,21.4,5,244,21.3,5
04/16/24 10:02:19 AM,0,334,21.5,5,244,21.3,5
04/16/24 10:02:24 AM,0,335,21.5,5,248,21.3,5
04/16/24 10:02:29 AM,0,338,21.5,5,248,21.3,5
04/16/24 10:02:34 AM,0,339,21.4,5,249,21.3,5
04/16/24 10:02:39 AM,0,340,21.5,5,247,21.2,5
04/16/24 10:02:44 AM,0,338,21.5,5,245,21.2,5
04/16/24 10:02:49 AM,0,335,21.5,5,242,21.3,5
04/16/24 10:02:54 AM,0,334,21.5,5,238,21.3,5
04/16/24 10:02:59 AM,0,331,21.5,5,236,21.3,5
04/16/24 10:03:05 AM,0,331,21.4,5,237,21.3,5
04/16/24 10:03:10 AM,0,331,21.5,5,238,21.2,5
04/16/24 10:03:15 AM,0,332,21.5,5,241,21.3,5
04/16/24 10:03:20 AM,0,333,21.4,5,242,21.3,5
04/16/24 10:03:25 AM,0,334,21.5,5,241,21.2,5
04/16/24 10:03:30 AM,0,337,21.4,5,236,21.3,5
04/16/24 10:03:35 AM,0,340,21.4,5,235,21.2,5
04/16/24 10:03:40 AM,0,340,21.5,5,233,21.2,5
04/16/24 10:03:45 AM,0,341,21.5,5,234,21.3,5
04/16/24 10:03:50 AM,0,340,21.4,5,235,21.3,5
04/16/24 10:03:55 AM,0,340,21.5,5,240,21.3,5
04/16/24 10:04:00 AM,0,342,21.4,5,244,21.3,5
04/16/24 10:04:05 AM,0,346,21.4,5,246,21.3,5
04/16/24 10:04:10 AM,0,350,21.5,5,249,21.3,5
04/16/24 10:04:16 AM,0,351,21.5,5,248,21.1,5
04/16/24 10:04:21 AM,0,350,21.5,5,247,21.3,5
04/16/24 10:04:26 AM,0,346,21.4,5,243,21.2,5
04/16/24 10:04:31 AM,0,344,21.5,5,238,21.3,5
04/16/24 10:04:36 AM,0,342,21.5,5,236,21.2,5
04/16/24 10:04:41 AM,0,343,21.5,5,237,21.2,5
04/16/24 10:04:46 AM,0,344,21.4,5,240,21.3,5
04/16/24 10:04:51 AM,0,347,21.5,5,246,21.2,5
04/16/24 10:04:56 AM,0,347,21.4,5,248,21.2,5
04/16/24 10:05:01 AM,0,347,21.4,5,251,21.2,5
04/16/24 10:05:06 AM,0,344,21.4,5,251,21.3,5
04/16/24 10:05:11 AM,0,341,21.4,5,250,21.2,5
04/16/24 10:05:16 AM,0,339,21.4,5,245,21.2,5
04/16/24 10:05:21 AM,0,339,21.4,5,241,21.2,5
04/16/24 10:05:27 AM,0,341,21.4,5,240,21.2,5
04/16/24 10:05:32 AM,0,342,21.4,5,237,21.2,5
04/16/24 10:05:37 AM,0,345,21.4,5,237,21.2,5
04/16/24 10:05:42 AM,0,346,21.4,5,237,21.2,5
04/16/24 10:05:47 AM,0,347,21.4,5,238,21.2,5
04/16/24 10:05:52 AM,0,347,21.4,5,241,21.3,5
04/16/24 10:05:57 AM,0,347,21.4,5,242,21.2,5
04/16/24 10:06:02 AM,0,348,21.4,5,244,21.2,5
04/16/24 10:06:07 AM,0,347,21.4,5,245,21.1,5
04/16/24 10:06:12 AM,0,348,21.4,5,245,21.2,5
04/16/24 10:06:17 AM,0,349,21.4,5,245,21.2,5
04/16/24 10:06:22 AM,0,349,21.4,5,245,21.2,5
04/16/24 10:06:27 AM,0,348,21.3,5,244,21.2,5
04/16/24 10:06:32 AM,0,346,21.4,5,245,21.2,5
04/16/24 10:06:38 AM,0,343,21.5,5,244,21.2,5
04/16/24 10:06:43 AM,0,341,21.5,5,244,21.3,5
04/16/24 10:06:48 AM,0,340,21.4,5,243,21.2,5
04/16/24 10:06:53 AM,0,339,21.5,5,243,21.2,5
04/16/24 10:06:58 AM,0,342,21.4,5,244,21.2,5
04/16/24 10:07:03 AM,0,344,21.4,5,246,21.2,5
04/16/24 10:07:08 AM,0,345,21.4,5,248,21.2,5
04/16/24 10:07:13 AM,0,347,21.3,5,250,21.2,5
04/16/24 10:07:18 AM,0,347,21.4,5,251,21.1,5
04/16/24 10:07:23 AM,0,347,21.4,5,251,21.2,5
04/16/24 10:07:28 AM,0,345,21.5,5,250,21.2,5
04/16/24 10:07:33 AM,0,341,21.4,5,249,21.2,5
04/16/24 10:07:38 AM,0,339,21.4,5,246,21.2,5
04/16/24 10:07:43 AM,0,335,21.5,5,243,21.2,5
04/16/24 10:07:48 AM,0,334,21.4,5,241,21.2,5
04/16/24 10:07:54 AM,0,335,21.4,5,239,21.2,5
04/16/24 10:07:59 AM,0,337,21.4,5,240,21.2,5
04/16/24 10:08:04 AM,0,343,21.4,5,240,21.2,5
04/16/24 10:08:09 AM,0,348,21.3,5,239,21.2,5
04/16/24 10:08:14 AM,0,350,21.3,5,238,21.2,5
04/16/24 10:08:19 AM,0,352,21.4,5,239,21.2,5
04/16/24 10:08:24 AM,0,353,21.3,5,239,21.2,5
04/16/24 10:08:29 AM,0,353,21.3,5,243,21.2,5
04/16/24 10:08:34 AM,0,353,21.4,5,245,21.2,5
04/16/24 10:08:39 AM,0,353,21.4,5,246,21.2,5
04/16/24 10:08:44 AM,0,353,21.4,5,245,21.2,5
04/16/24 10:08:49 AM,0,354,21.4,5,243,21.2,5
04/16/24 10:08:54 AM,0,353,21.4,5,242,21.2,5
04/16/24 10:08:59 AM,0,352,21.3,5,242,21.2,5
04/16/24 10:09:05 AM,0,350,21.4,5,244,21.2,5
04/16/24 10:09:10 AM,0,347,21.4,5,245,21.2,5
04/16/24 10:09:15 AM,0,345,21.3,5,248,21.2,5
04/16/24 10:09:20 AM,0,344,21.3,5,247,21.2,5
04/16/24 10:09:25 AM,0,345,21.4,5,245,21.2,5
04/16/24 10:09:30 AM,0,346,21.4,5,240,21.2,5
04/16/24 10:09:35 AM,0,348,21.4,5,235,21.2,5
04/16/24 10:09:40 AM,0,349,21.3,5,234,21.2,5
04/16/24 10:09:45 AM,0,349,21.4,5,235,21.2,5
04/16/24 10:09:50 AM,0,349,21.5,5,239,21.2,5
04/16/24 10:09:55 AM,0,348,21.4,5,240,21.2,5
04/16/24 10:10:00 AM,0,346,21.4,5,244,21.2,5
04/16/24 10:10:05 AM,0,346,21.4,5,245,21.2,5
04/16/24 10:10:10 AM,0,344,21.4,5,244,21.2,5
04/16/24 10:10:16 AM,0,342,21.3,5,242,21.2,5
04/16/24 10:10:21 AM,0,341,21.4,5,238,21.2,5
04/16/24 10:10:26 AM,0,338,21.4,5,236,21.2,5
04/16/24 10:10:31 AM,0,337,21.4,5,237,21.2,5
04/16/24 10:10:36 AM,0,337,21.4,5,241,21.2,5
04/16/24 10:10:41 AM,0,338,21.3,5,250,21.2,5
04/16/24 10:10:46 AM,0,340,21.4,5,253,21.2,5
04/16/24 10:10:51 AM,0,340,21.3,5,255,21.2,5
04/16/24 10:10:56 AM,0,339,21.4,5,251,21.1,5
04/16/24 10:11:01 AM,0,338,21.3,5,249,21.2,5
04/16/24 10:11:06 AM,0,338,21.4,5,240,21.2,5
04/16/24 10:11:11 AM,0,338,21.4,5,236,21.2,5
04/16/24 10:11:16 AM,0,341,21.3,5,236,21.2,5
04/16/24 10:11:21 AM,0,342,21.4,5,237,21.2,5
04/16/24 10:11:26 AM,0,343,21.5,5,240,21.3,5
04/16/24 10:11:32 AM,0,344,21.3,5,242,21.2,5
04/16/24 10:11:37 AM,0,343,21.4,5,243,21.2,5
04/16/24 10:11:42 AM,0,344,21.3,5,247,21.2,5
04/16/24 10:11:47 AM,0,342,21.3,5,247,21.2,5
04/16/24 10:11:52 AM,0,339,21.4,5,248,21.2,5
04/16/24 10:11:57 AM,0,338,21.4,5,249,21.2,5
04/16/24 10:12:02 AM,0,338,21.3,5,251,21.2,5
04/16/24 10:12:07 AM,0,340,21.4,5,250,21.2,5
04/16/24 10:12:12 AM,0,342,21.3,5,251,21.2,5
04/16/24 10:12:17 AM,0,344,21.4,5,248,21.2,5
04/16/24 10:12:22 AM,0,343,21.3,5,246,21.2,5
04/16/24 10:12:27 AM,0,342,21.3,5,241,21.2,5
04/16/24 10:12:32 AM,0,340,21.4,5,237,21.2,5
04/16/24 10:12:37 AM,0,341,21.4,5,236,21.3,5
04/16/24 10:12:43 AM,0,342,21.3,5,234,21.2,5
04/16/24 10:12:48 AM,0,343,21.3,5,236,21.2,5
04/16/24 10:12:53 AM,0,342,21.4,5,237,21.2,5
04/16/24 10:12:58 AM,0,340,21.4,5,239,21.2,5
04/16/24 10:13:03 AM,0,338,21.4,5,241,21.2,5
04/16/24 10:13:08 AM,0,338,21.3,5,242,21.2,5
04/16/24 10:13:13 AM,0,339,21.3,5,245,21.2,5
04/16/24 10:13:18 AM,0,343,21.3,5,249,21.2,5
04/16/24 10:13:23 AM,0,345,21.4,5,251,21.2,5
04/16/24 10:13:28 AM,0,347,21.4,5,253,21.1,5
04/16/24 10:13:33 AM,0,347,21.4,5,253,21.2,5
04/16/24 10:13:38 AM,0,346,21.4,5,252,21.2,5
04/16/24 10:13:43 AM,0,347,21.3,5,250,21.2,5
04/16/24 10:13:48 AM,0,346,21.4,5,249,21.2,5
04/16/24 10:13:54 AM,0,345,21.4,5,250,21.2,5
04/16/24 10:13:59 AM,0,344,21.4,5,249,21.2,5
04/16/24 10:14:04 AM,0,343,21.4,5,246,21.2,5
04/16/24 10:14:09 AM,0,343,21.3,5,242,21.2,5
04/16/24 10:14:14 AM,0,346,21.3,5,239,21.2,5
04/16/24 10:14:19 AM,0,347,21.4,5,236,21.2,5
04/16/24 10:14:24 AM,0,351,21.4,5,237,21.2,5
04/16/24 10:14:29 AM,0,353,21.4,5,238,21.2,5
04/16/24 10:14:34 AM,0,354,21.4,5,240,21.2,5
04/16/24 10:14:39 AM,0,353,21.4,5,240,21.2,5
04/16/24 10:14:44 AM,0,351,21.4,5,239,21.2,5
04/16/24 10:14:49 AM,0,350,21.3,5,236,21.2,5
04/16/24 10:14:54 AM,0,348,21.4,5,233,21.2,5
04/16/24 10:14:59 AM,0,347,21.3,5,232,21.3,5
04/16/24 10:15:05 AM,0,348,21.4,5,230,21.2,5
04/16/24 10:15:10 AM,0,349,21.4,5,231,21.2,5
04/16/24 10:15:15 AM,0,348,21.4,5,233,21.2,5
04/16/24 10:15:20 AM,0,345,21.3,5,235,21.2,5
04/16/24 10:15:25 AM,0,343,21.3,5,238,21.2,5
04/16/24 10:15:30 AM,0,337,21.3,5,238,21.2,5
04/16/24 10:15:35 AM,0,334,21.3,5,240,21.2,5
04/16/24 10:15:40 AM,0,334,21.3,5,241,21.2,5
04/16/24 10:15:45 AM,0,336,21.4,5,244,21.2,5
04/16/24 10:15:50 AM,0,340,21.4,5,245,21.2,5
04/16/24 10:15:55 AM,0,343,21.4,5,247,21.3,5
04/16/24 10:16:00 AM,0,345,21.3,5,248,21.2,5
04/16/24 10:16:05 AM,0,347,21.3,5,246,21.2,5
04/16/24 10:16:10 AM,0,348,21.3,5,242,21.2,5
04/16/24 10:16:15 AM,0,347,21.3,5,239,21.1,5
04/16/24 10:16:21 AM,0,345,21.4,5,239,21.2,5
04/16/24 10:16:26 AM,0,343,21.3,5,238,21.1,5
04/16/24 10:16:31 AM,0,341,21.4,5,238,21.2,5
04/16/24 10:16:36 AM,0,341,21.3,5,239,21.2,5
04/16/24 10:16:41 AM,0,342,21.4,5,241,21.2,5
04/16/24 10:16:46 AM,0,345,21.3,5,241,21.2,5
04/16/24 10:16:51 AM,0,349,21.4,5,241,21.2,5
04/16/24 10:16:56 AM,0,348,21.4,5,241,21.2,5
04/16/24 10:17:01 AM,0,348,21.3,5,240,21.1,5
04/16/24 10:17:06 AM,0,344,21.4,5,240,21.2,5
04/16/24 10:17:11 AM,0,340,21.4,5,241,21.2,5
04/16/24 10:17:16 AM,0,339,21.4,5,241,21.2,5
04/16/24 10:17:21 AM,0,340,21.4,5,240,21.2,5
04/16/24 10:17:26 AM,0,343,21.3,5,241,21.2,5
04/16/24 10:17:32 AM,0,345,21.3,5,241,21.2,5
04/16/24 10:17:37 AM,0,348,21.4,5,244,21.2,5
04/16/24 10:17:42 AM,0,349,21.4,5,245,21.2,5
04/16/24 10:17:47 AM,0,349,21.3,5,248,21.2,5
04/16/24 10:17:52 AM,0,349,21.4,5,247,21.2,5
04/16/24 10:17:57 AM,0,347,21.4,5,246,21.2,5
04/16/24 10:18:02 AM,0,345,21.3,5,242,21.2,5
04/16/24 10:18:07 AM,0,341,21.4,5,239,21.2,5
04/16/24 10:18:12 AM,0,339,21.3,5,238,21.3,5
04/16/24 10:18:17 AM,0,340,21.4,5,239,21.2,5
04/16/24 10:18:22 AM,0,343,21.3,5,242,21.1,5
04/16/24 10:18:27 AM,0,349,21.3,5,243,21.2,5
04/16/24 10:18:32 AM,0,352,21.3,5,245,21.2,5
04/16/24 10:18:37 AM,0,353,21.4,5,246,21.2,5
04/16/24 10:18:43 AM,0,350,21.3,5,247,21.2,5
04/16/24 10:18:48 AM,0,346,21.4,5,248,21.2,5
04/16/24 10:18:53 AM,0,345,21.3,5,250,21.2,5
04/16/24 10:18:58 AM,0,344,21.4,5,250,21.2,5
04/16/24 10:19:03 AM,0,344,21.3,5,249,21.2,5
04/16/24 10:19:08 AM,0,345,21.4,5,246,21.2,5
04/16/24 10:19:13 AM,0,347,21.4,5,244,21.2,5
04/16/24 10:19:18 AM,0,347,21.3,5,239,21.2,5
04/16/24 10:19:23 AM,0,348,21.4,5,235,21.2,5
04/16/24 10:19:28 AM,0,349,21.4,5,233,21.2,5
04/16/24 10:19:33 AM,0,351,21.3,5,232,21.1,5
04/16/24 10:19:38 AM,0,351,21.4,5,235,21.2,5
04/16/24 10:19:43 AM,0,351,21.4,5,239,21.2,5
04/16/24 10:19:48 AM,0,350,21.4,5,241,21.2,5
04/16/24 10:19:53 AM,0,349,21.3,5,243,21.2,5
04/16/24 10:19:59 AM,0,347,21.4,5,242,21.1,5
04/16/24 10:20:04 AM,0,345,21.4,5,241,21.2,5
04/16/24 10:20:09 AM,0,343,21.3,5,239,21.1,5
04/16/24 10:20:14 AM,0,342,21.4,5,240,21.1,5
04/16/24 10:20:19 AM,0,341,21.4,5,241,21.2,5
04/16/24 10:20:24 AM,0,340,21.3,5,242,21.2,5
04/16/24 10:20:29 AM,0,340,21.4,5,241,21.3,5
04/16/24 10:20:34 AM,0,339,21.3,5,240,21.2,5
04/16/24 10:20:39 AM,0,338,21.4,5,238,21.2,5
04/16/24 10:20:44 AM,0,338,21.4,5,236,21.1,5
04/16/24 10:20:49 AM,0,339,21.4,5,236,21.2,5
04/16/24 10:20:54 AM,0,342,21.4,5,237,21.2,5
04/16/24 10:20:59 AM,0,345,21.3,5,238,21.2,5
04/16/24 10:21:04 AM,0,350,21.4,5,238,21.2,5
04/16/24 10:21:10 AM,0,353,21.4,5,240,21.2,5
04/16/24 10:21:15 AM,0,353,21.4,5,241,21.2,5
04/16/24 10:21:20 AM,0,352,21.3,5,242,21.2,5
04/16/24 10:21:25 AM,0,350,21.4,5,243,21.2,5
04/16/24 10:21:30 AM,0,348,21.4,5,245,21.2,5
04/16/24 10:21:35 AM,0,348,21.3,5,248,21.1,5
04/16/24 10:21:40 AM,0,345,21.4,5,249,21.2,5
04/16/24 10:21:45 AM,0,344,21.4,5,251,21.1,5
04/16/24 10:21:50 AM,0,341,21.3,5,252,21.2,5
04/16/24 10:21:55 AM,0,340,21.3,5,252,21.2,5
04/16/24 10:22:00 AM,0,341,21.4,5,252,21.2,5
04/16/24 10:22:05 AM,0,343,21.3,5,251,21.1,5
04/16/24 10:22:10 AM,0,346,21.3,5,250,21.2,5
04/16/24 10:22:15 AM,0,347,21.3,5,248,21.2,5
04/16/24 10:22:21 AM,0,346,21.4,5,249,21.2,5
04/16/24 10:22:26 AM,0,345,21.3,5,249,21.2,5
04/16/24 10:22:31 AM,0,345,21.3,5,252,21.2,5
04/16/24 10:22:36 AM,0,345,21.4,5,253,21.2,5
04/16/24 10:22:41 AM,0,346,21.3,5,253,21.1,5
04/16/24 10:22:46 AM,0,348,21.3,5,251,21.2,5
04/16/24 10:22:51 AM,0,350,21.3,5,249,21.2,5
04/16/24 10:22:56 AM,0,352,21.4,5,249,21.1,5
04/16/24 10:23:01 AM,0,353,21.3,5,248,21.1,5
04/16/24 10:23:06 AM,0,353,21.4,5,249,21.3,5
04/16/24 10:23:11 AM,0,352,21.3,5,249,21.2,5
04/16/24 10:23:16 AM,0,353,21.4,5,250,21.2,5
04/16/24 10:23:21 AM,0,355,21.4,5,253,21.2,5
04/16/24 10:23:26 AM,0,357,21.3,5,256,21.2,5
04/16/24 10:23:31 AM,0,361,21.3,5,258,21.1,5
04/16/24 10:23:37 AM,0,361,21.4,5,260,21.2,5
04/16/24 10:23:42 AM,0,361,21.4,5,262,21.2,5
04/16/24 10:23:47 AM,0,361,21.5,5,261,21.2,5
04/16/24 10:23:52 AM,0,360,21.3,5,260,21.2,5
04/16/24 10:23:57 AM,0,361,21.3,5,258,21.1,5
04/16/24 10:24:02 AM,0,364,21.3,5,259,21.1,5
04/16/24 10:24:07 AM,0,365,21.3,5,259,21.2,5
04/16/24 10:24:12 AM,0,366,21.3,5,261,21.1,5
04/16/24 10:24:17 AM,0,367,21.3,5,261,21.2,5
04/16/24 10:24:22 AM,0,364,21.4,5,260,21.1,5
04/16/24 10:24:27 AM,0,364,21.3,5,257,21.2,5
04/16/24 10:24:32 AM,0,362,21.3,5,256,21.2,5
04/16/24 10:24:37 AM,0,361,21.3,5,257,21.1,5
04/16/24 10:24:42 AM,0,361,21.4,5,258,21.2,5
04/16/24 10:24:48 AM,0,363,21.3,5,259,21.1,5
04/16/24 10:24:53 AM,0,363,21.3,5,259,21.2,5
04/16/24 10:24:58 AM,0,364,21.4,5,257,21.1,5
04/16/24 10:25:03 AM,0,365,21.4,5,255,21.2,5
04/16/24 10:25:08 AM,0,366,21.4,5,254,21.1,5
04/16/24 10:25:13 AM,0,366,21.3,5,253,21.1,5
04/16/24 10:25:18 AM,0,367,21.4,5,256,21.1,5
04/16/24 10:25:23 AM,0,367,21.3,5,259,21.2,5
04/16/24 10:25:28 AM,0,367,21.4,5,262,21.2,5
04/16/24 10:25:33 AM,0,365,21.3,5,264,21.2,5
04/16/24 10:25:38 AM,0,363,21.3,5,264,21.1,5
04/16/24 10:25:43 AM,0,362,21.4,5,263,21.2,5
04/16/24 10:25:48 AM,0,362,21.3,5,262,21.1,5
04/16/24 10:25:53 AM,0,365,21.3,5,261,21.1,5
04/16/24 10:25:59 AM,0,366,21.4,5,262,21.1,5
04/16/24 10:26:04 AM,0,369,21.3,5,264,21.1,5
04/16/24 10:26:09 AM,0,369,21.3,5,266,21.2,5
04/16/24 10:26:14 AM,0,368,21.3,5,268,21.2,5
04/16/24 10:26:19 AM,0,366,21.3,5,269,21.1,5
04/16/24 10:26:24 AM,0,364,21.4,5,270,21.1,5
04/16/24 10:26:29 AM,0,361,21.3,5,270,21.2,5
04/16/24 10:26:34 AM,0,359,21.3,5,269,21.2,5
04/16/24 10:26:39 AM,0,358,21.3,5,267,21.2,5
04/16/24 10:26:44 AM,0,357,21.3,5,266,21.1,5
04/16/24 10:26:49 AM,0,356,21.3,5,263,21.2,5
04/16/24 10:26:54 AM,0,359,21.4,5,262,21.2,5
04/16/24 10:26:59 AM,0,361,21.4,5,260,21.2,5
04/16/24 10:27:04 AM,0,362,21.3,5,260,21.2,5
04/16/24 10:27:10 AM,0,362,21.4,5,260,21.2,5
04/16/24 10:27:15 AM,0,360,21.3,5,260,21.1,5
04/16/24 10:27:20 AM,0,358,21.3,5,260,21.1,5
04/16/24 10:27:25 AM,0,358,21.4,5,261,21.1,5
04/16/24 10:27:30 AM,0,360,21.3,5,261,21.1,5
04/16/24 10:27:35 AM,0,361,21.3,5,261,21.2,5
04/16/24 10:27:40 AM,0,364,21.3,5,260,21.2,5
04/16/24 10:27:45 AM,0,366,21.4,5,259,21.2,5
04/16/24 10:27:50 AM,0,367,21.4,5,258,21.1,5
04/16/24 10:27:55 AM,0,368,21.3,5,257,21.2,5
04/16/24 10:28:00 AM,0,369,21.3,5,257,21.2,5
04/16/24 10:28:05 AM,0,370,21.4,5,257,21.1,5
04/16/24 10:28:10 AM,0,369,21.3,5,255,21.1,5
04/16/24 10:28:15 AM,0,368,21.3,5,255,21.2,5
04/16/24 10:28:20 AM,0,367,21.4,5,255,21.1,5
04/16/24 10:28:26 AM,0,365,21.4,5,254,21.2,5
04/16/24 10:28:31 AM,0,362,21.3,5,253,21.2,5
04/16/24 10:28:36 AM,0,359,21.4,5,254,21.2,5
04/16/24 10:28:41 AM,0,358,21.4,5,253,21.2,5
04/16/24 10:28:46 AM,0,357,21.3,5,253,21.1,5
04/16/24 10:28:51 AM,0,358,21.3,5,254,21.2,5
04/16/24 10:28:56 AM,0,361,21.4,5,256,21.1,5
04/16/24 10:29:01 AM,0,365,21.3,5,257,21.1,5
04/16/24 10:29:06 AM,0,367,21.4,5,258,21.2,5
04/16/24 10:29:11 AM,0,368,21.3,5,259,21.2,5
04/16/24 10:29:16 AM,0,365,21.3,5,260,21.2,5
04/16/24 10:29:21 AM,0,361,21.3,5,261,21.1,5
04/16/24 10:29:26 AM,0,360,21.3,5,262,21.2,5
04/16/24 10:29:31 AM,0,359,21.3,5,262,21.2,5
04/16/24 10:29:37 AM,0,360,21.3,5,263,21.2,5
04/16/24 10:29:42 AM,0,360,21.4,5,262,21.1,5
04/16/24 10:29:47 AM,0,360,21.3,5,261,21.2,5
04/16/24 10:29:52 AM,0,359,21.4,5,260,21.1,5
04/16/24 10:29:57 AM,0,356,21.4,5,261,21.2,5
04/16/24 10:30:02 AM,0,357,21.3,5,262,21.1,5
04/16/24 10:30:07 AM,0,361,21.4,5,263,21.2,5
04/16/24 10:30:12 AM,0,365,21.3,5,266,21.2,5
04/16/24 10:30:17 AM,0,368,21.3,5,266,21.2,5
04/16/24 10:30:22 AM,0,374,21.4,5,265,21.2,5
04/16/24 10:30:27 AM,0,374,21.3,5,264,21.2,5
04/16/24 10:30:32 AM,0,375,21.4,5,261,21.2,5
04/16/24 10:30:37 AM,0,374,21.4,5,260,21.2,5
04/16/24 10:30:42 AM,0,369,21.3,5,260,21.2,5
04/16/24 10:30:48 AM,0,365,21.3,5,263,21.1,5
04/16/24 10:30:53 AM,0,359,21.3,5,266,21.1,5
04/16/24 10:30:58 AM,0,353,21.3,5,267,21.2,5
04/16/24 10:31:03 AM,0,352,21.3,5,268,21.2,5
04/16/24 10:31:08 AM,0,354,21.3,5,266,21.2,5
04/16/24 10:31:13 AM,0,359,21.4,5,264,21.1,5
04/16/24 10:31:18 AM,0,361,21.4,5,263,21.1,5
04/16/24 10:31:23 AM,0,365,21.4,5,262,21.2,5
04/16/24 10:31:28 AM,0,364,21.3,5,263,21.2,5
04/16/24 10:31:33 AM,0,361,21.4,5,263,21.1,5
04/16/24 10:31:38 AM,0,361,21.3,5,265,21.1,5
04/16/24 10:31:43 AM,0,360,21.3,5,265,21.2,5
04/16/24 10:31:48 AM,0,362,21.3,5,266,21.1,5
04/16/24 10:31:53 AM,0,364,21.3,5,266,21.2,5
04/16/24 10:31:58 AM,0,367,21.3,5,265,21.2,5
04/16/24 10:32:04 AM,0,368,21.3,5,265,21.2,5
04/16/24 10:32:09 AM,0,368,21.3,5,266,21.2,5
04/16/24 10:32:14 AM,0,366,21.3,5,268,21.2,5
04/16/24 10:32:19 AM,0,364,21.3,5,268,21.1,5
04/16/24 10:32:24 AM,0,363,21.3,5,268,21.2,5
04/16/24 10:32:29 AM,0,361,21.4,5,264,21.2,5
04/16/24 10:32:34 AM,0,358,21.3,5,261,21.1,5
04/16/24 10:32:39 AM,0,356,21.3,5,257,21.1,5
04/16/24 10:32:44 AM,0,353,21.3,5,253,21.1,5
04/16/24 10:32:49 AM,0,352,21.3,5,252,21.1,5
04/16/24 10:32:54 AM,0,352,21.3,5,250,21.1,5
04/16/24 10:32:59 AM,0,355,21.3,5,249,21.2,5
04/16/24 10:33:04 AM,0,360,21.3,5,249,21.1,5
04/16/24 10:33:09 AM,0,362,21.4,5,251,21.1,5
04/16/24 10:33:15 AM,0,365,21.4,5,254,21.2,5
04/16/24 10:33:20 AM,0,366,21.3,5,255,21.2,5
04/16/24 10:33:25 AM,0,364,21.3,5,257,21.1,5
04/16/24 10:33:30 AM,0,363,21.3,5,258,21.1,5
04/16/24 10:33:35 AM,0,360,21.3,5,258,21.2,5
04/16/24 10:33:40 AM,0,358,21.3,5,261,21.2,5
04/16/24 10:33:45 AM,0,357,21.3,5,265,21.2,5
04/16/24 10:33:50 AM,0,353,21.3,5,266,21.2,5
04/16/24 10:33:55 AM,0,352,21.3,5,267,21.2,5
04/16/24 10:34:00 AM,0,352,21.3,5,264,21.2,5
04/16/24 10:34:05 AM,0,356,21.3,5,258,21.1,5
04/16/24 10:34:10 AM,0,363,21.3,5,256,21.1,5
04/16/24 10:34:15 AM,0,365,21.4,5,253,21.1,5
04/16/24 10:34:20 AM,0,367,21.3,5,254,21.1,5
04/16/24 10:34:26 AM,0,364,21.3,5,255,21.2,5
04/16/24 10:34:31 AM,0,362,21.3,5,258,21.1,5
04/16/24 10:34:36 AM,0,358,21.3,5,262,21.1,5
04/16/24 10:34:41 AM,0,356,21.3,5,263,21.1,5
04/16/24 10:34:46 AM,0,357,21.3,5,265,21.1,5
04/16/24 10:34:51 AM,0,361,21.3,5,265,21.1,5
04/16/24 10:34:56 AM,0,364,21.3,5,265,21.2,5
04/16/24 10:35:01 AM,0,365,21.3,5,264,21.2,5
04/16/24 10:35:06 AM,0,366,21.4,5,265,21.2,5
04/16/24 10:35:11 AM,0,367,21.3,5,265,21.1,5
04/16/24 10:35:16 AM,0,365,21.4,5,264,21.1,5
04/16/24 10:35:21 AM,0,364,21.3,5,262,21.1,5
04/16/24 10:35:26 AM,0,361,21.3,5,261,21.2,5
04/16/24 10:35:31 AM,0,357,21.3,5,259,21.1,5
04/16/24 10:35:37 AM,0,356,21.4,5,261,21.1,5
04/16/24 10:35:42 AM,0,355,21.3,5,264,21.1,5
04/16/24 10:35:47 AM,0,355,21.3,5,268,21.1,5
04/16/24 10:35:52 AM,0,356,21.3,5,271,21.1,5
04/16/24 10:35:57 AM,0,357,21.3,5,269,21.1,5
04/16/24 10:36:02 AM,0,355,21.3,5,267,21.1,5
04/16/24 10:36:07 AM,0,354,21.3,5,264,21.2,5
04/16/24 10:36:12 AM,0,353,21.3,5,261,21.1,5
04/16/24 10:36:17 AM,0,354,21.3,5,261,21.1,5
04/16/24 10:36:22 AM,0,355,21.3,5,261,21.2,5
04/16/24 10:36:27 AM,0,359,21.3,5,261,21.1,5
04/16/24 10:36:32 AM,0,361,21.3,5,261,21.1,5
04/16/24 10:36:37 AM,0,360,21.3,5,261,21.1,5
04/16/24 10:36:42 AM,0,356,21.3,5,260,21.2,5
04/16/24 10:36:48 AM,0,352,21.3,5,259,21.1,5
04/16/24 10:36:53 AM,0,351,21.3,5,258,21.1,5
04/16/24 10:36:58 AM,0,353,21.2,5,258,21.1,5
04/16/24 10:37:03 AM,0,359,21.3,5,258,21.1,5
04/16/24 10:37:08 AM,0,365,21.3,5,259,21.1,5
04/16/24 10:37:13 AM,0,368,21.3,5,258,20.9,5
04/16/24 10:37:18 AM,0,369,21.3,5,256,21.1,5
04/16/24 10:37:23 AM,0,368,21.3,5,252,21.1,5
04/16/24 10:37:28 AM,0,368,21.3,5,251,21.2,5
04/16/24 10:37:33 AM,0,364,21.3,5,251,21.1,5
04/16/24 10:37:38 AM,0,359,21.3,5,252,21.1,5
04/16/24 10:37:43 AM,0,358,21.3,5,253,21.1,5
04/16/24 10:37:48 AM,0,353,21.3,5,252,21.1,5
04/16/24 10:37:53 AM,0,349,21.3,5,252,21.2,5
04/16/24 10:37:58 AM,0,350,21.3,5,254,21.1,5
04/16/24 10:38:04 AM,0,352,21.3,5,258,21.1,5
04/16/24 10:38:09 AM,0,357,21.3,5,260,21.2,5
04/16/24 10:38:14 AM,0,360,21.3,5,262,21.1,5
04/16/24 10:38:19 AM,0,363,21.3,5,260,21.1,5
04/16/24 10:38:24 AM,0,364,21.3,5,258,21.1,5
04/16/24 10:38:29 AM,0,363,21.3,5,255,21.2,5
04/16/24 10:38:34 AM,0,362,21.3,5,255,21.1,5
04/16/24 10:38:39 AM,0,361,21.3,5,256,21.1,5
04/16/24 10:38:44 AM,0,361,21.3,5,261,21.1,5
04/16/24 10:38:49 AM,0,359,21.4,5,265,21.1,5
04/16/24 10:38:54 AM,0,359,21.3,5,267,21.1,5
04/16/24 10:38:59 AM,0,359,21.3,5,267,21.1,5
04/16/24 10:39:04 AM,0,360,21.3,5,265,21.1,5
04/16/24 10:39:09 AM,0,361,21.3,5,264,21.1,5
04/16/24 10:39:15 AM,0,361,21.3,5,261,21.1,5
04/16/24 10:39:20 AM,0,361,21.3,5,260,21.1,5
04/16/24 10:39:25 AM,0,360,21.3,5,260,21.1,5
04/16/24 10:39:30 AM,0,360,21.3,5,261,21.1,5
04/16/24 10:39:35 AM,0,360,21.3,5,262,21.1,5
04/16/24 10:39:40 AM,0,361,21.2,5,262,21.1,5
04/16/24 10:39:45 AM,0,360,21.3,5,262,21.1,5
04/16/24 10:39:50 AM,0,360,21.3,5,262,21.1,5
04/16/24 10:39:55 AM,0,358,21.3,5,260,21.1,5
04/16/24 10:40:00 AM,0,358,21.3,5,259,21.1,5
04/16/24 10:40:05 AM,0,358,21.3,5,256,21.1,5
04/16/24 10:40:10 AM,0,361,21.3,5,252,21.1,5
04/16/24 10:40:15 AM,0,363,21.3,5,249,21.1,5
04/16/24 10:40:20 AM,0,363,21.3,5,250,21.1,5
04/16/24 10:40:26 AM,0,362,21.3,5,251,21.1,5
04/16/24 10:40:31 AM,0,358,21.3,5,253,21.1,5
04/16/24 10:40:36 AM,0,357,21.3,5,257,21.1,5
04/16/24 10:40:41 AM,0,356,21.3,5,260,21.1,5
04/16/24 10:40:46 AM,0,359,21.3,5,261,21.1,5
04/16/24 10:40:51 AM,0,363,21.3,5,263,21.1,5
04/16/24 10:40:56 AM,0,364,21.3,5,264,21,5
04/16/24 10:41:01 AM,0,364,21.3,5,264,21,5
04/16/24 10:41:06 AM,0,362,21.3,5,261,21.1,5
04/16/24 10:41:11 AM,0,360,21.3,5,255,21.1,5
04/16/24 10:41:16 AM,0,358,21.3,5,251,21.1,5
04/16/24 10:41:21 AM,0,356,21.3,5,249,21.1,5
04/16/24 10:41:26 AM,0,356,21.3,5,250,21.2,5
04/16/24 10:41:31 AM,0,355,21.2,5,250,21.1,5
04/16/24 10:41:36 AM,0,354,21.3,5,251,21,5
04/16/24 10:41:42 AM,0,354,21.3,5,253,21.1,5
04/16/24 10:41:47 AM,0,353,21.3,5,257,21.1,5
04/16/24 10:41:52 AM,0,352,21.3,5,258,21.1,5
04/16/24 10:41:57 AM,0,353,21.3,5,261,21,5
04/16/24 10:42:02 AM,0,356,21.3,5,261,21.1,5
04/16/24 10:42:07 AM,0,360,21.3,5,260,21.1,5
04/16/24 10:42:12 AM,0,364,21.2,5,256,21.1,5
04/16/24 10:42:17 AM,0,368,21.3,5,254,21.1,5
04/16/24 10:42:22 AM,0,369,21.3,5,254,21.1,5
04/16/24 10:42:27 AM,0,366,21.3,5,255,21,5
04/16/24 10:42:32 AM,0,365,21.2,5,258,21,5
04/16/24 10:42:37 AM,0,362,21.3,5,259,21.1,5
04/16/24 10:42:42 AM,0,360,21.2,5,259,21.1,5
04/16/24 10:42:47 AM,0,359,21.2,5,259,21.1,5
04/16/24 10:42:53 AM,0,360,21.3,5,260,21,5
04/16/24 10:42:58 AM,0,360,21.2,5,260,21.1,5
04/16/24 10:43:03 AM,0,360,21.3,5,261,21.1,5
04/16/24 10:43:08 AM,0,362,21.3,5,260,21.1,5
04/16/24 10:43:13 AM,0,363,21.3,5,260,21.1,5
04/16/24 10:43:18 AM,0,365,21.2,5,259,21.1,5
04/16/24 10:43:23 AM,0,368,21.2,5,258,21.1,5
04/16/24 10:43:28 AM,0,370,21.2,5,256,21.1,5
04/16/24 10:43:33 AM,0,370,21.3,5,255,21.1,5
04/16/24 10:43:38 AM,0,370,21.3,5,253,21.1,5
04/16/24 10:43:43 AM,0,367,21.3,5,252,21.1,5
04/16/24 10:43:48 AM,0,365,21.3,5,253,21.1,5
04/16/24 10:43:53 AM,0,362,21.3,5,255,21.1,5
04/16/24 10:43:58 AM,0,360,21.2,5,256,21.1,5
04/16/24 10:44:04 AM,0,360,21.3,5,259,21.1,5
04/16/24 10:44:09 AM,0,362,21.3,5,261,21.1,5
04/16/24 10:44:14 AM,0,364,21.3,5,263,21.1,5
04/16/24 10:44:19 AM,0,363,21.2,5,263,21,5
04/16/24 10:44:24 AM,0,360,21.2,5,263,21,5
04/16/24 10:44:29 AM,0,355,21.3,5,262,21.1,5
04/16/24 10:44:34 AM,0,354,21.3,5,262,21,5
04/16/24 10:44:39 AM,0,354,21.2,5,260,21,5
04/16/24 10:44:44 AM,0,360,21.3,5,259,21.1,5
04/16/24 10:44:49 AM,0,364,21.3,5,256,21,5
04/16/24 10:44:54 AM,0,365,21.3,5,253,21.1,5
04/16/24 10:44:59 AM,0,366,21.3,5,249,21.1,5
04/16/24 10:45:04 AM,0,365,21.3,5,246,21.1,5
04/16/24 10:45:09 AM,0,364,21.3,5,244,21.1,5
04/16/24 10:45:14 AM,0,364,21.2,5,245,21.1,5
04/16/24 10:45:20 AM,0,361,21.3,5,245,21.1,5
04/16/24 10:45:25 AM,0,359,21.3,5,249,21,5
04/16/24 10:45:30 AM,0,355,21.3,5,254,21,5
04/16/24 10:45:35 AM,0,352,21.3,5,256,21,5
04/16/24 10:45:40 AM,0,352,21.2,5,258,21,5
04/16/24 10:45:45 AM,0,353,21.2,5,259,21,5
04/16/24 10:45:50 AM,0,355,21.3,5,258,21,5
04/16/24 10:45:55 AM,0,355,21.3,5,257,20.9,5
04/16/24 10:46:00 AM,0,356,21.2,5,256,21,5
04/16/24 10:46:05 AM,0,356,21.2,5,256,21,5
04/16/24 10:46:10 AM,0,358,21.3,5,257,21,5
04/16/24 10:46:15 AM,0,358,21.3,5,258,20.9,5
04/16/24 10:46:20 AM,0,359,21.2,5,258,21,5
04/16/24 10:46:25 AM,0,361,21.3,5,258,21,5
04/16/24 10:46:31 AM,0,362,21.2,5,259,21.1,5
04/16/24 10:46:36 AM,0,364,21.3,5,259,21.1,5
04/16/24 10:46:41 AM,0,365,21.3,5,260,21,5
04/16/24 10:46:46 AM,0,365,21.2,5,261,21.1,5
04/16/24 10:46:51 AM,0,362,21.2,5,260,21.1,5
04/16/24 10:46:56 AM,0,360,21.3,5,261,21,5
04/16/24 10:47:01 AM,0,359,21.2,5,259,21,5
04/16/24 10:47:06 AM,0,360,21.2,5,257,21.1,5
04/16/24 10:47:11 AM,0,364,21.3,5,256,21.1,5
04/16/24 10:47:16 AM,0,365,21.2,5,255,21,5
04/16/24 10:47:21 AM,0,365,21.2,5,255,20.9,5
04/16/24 10:47:26 AM,0,363,21.1,5,256,21.1,5
04/16/24 10:47:31 AM,0,362,21.2,5,257,20.9,5
04/16/24 10:47:36 AM,0,361,21.2,5,257,21,5
04/16/24 10:47:42 AM,0,360,21.2,5,257,21,5
04/16/24 10:47:47 AM,0,361,21.2,5,255,20.9,5
04/16/24 10:47:52 AM,0,360,21.2,5,253,21.1,5
04/16/24 10:47:57 AM,0,359,21.2,5,253,21,5
04/16/24 10:48:02 AM,0,358,21.2,5,252,20.9,5
04/16/24 10:48:07 AM,0,359,21.2,5,251,21.1,5
04/16/24 10:48:12 AM,0,360,21.2,5,252,21.1,5
04/16/24 10:48:17 AM,0,362,21.2,5,252,21,5
04/16/24 10:48:22 AM,0,362,21.2,5,251,20.9,5
04/16/24 10:48:27 AM,0,361,21.3,5,252,21,5
04/16/24 10:48:32 AM,0,358,21.2,5,254,21,5
04/16/24 10:48:37 AM,0,356,21.2,5,256,21,5
04/16/24 10:48:42 AM,0,353,21.2,5,258,21,5
04/16/24 10:48:47 AM,0,352,21.2,5,260,21,5
04/16/24 10:48:53 AM,0,353,21.2,5,262,21,5
04/16/24 10:48:58 AM,0,355,21.2,5,266,21.1,5
04/16/24 10:49:03 AM,0,359,21.2,5,267,21,5
04/16/24 10:49:08 AM,0,361,21.3,5,268,20.9,5
04/16/24 10:49:13 AM,0,363,21.2,5,268,20.9,5
04/16/24 10:49:18 AM,0,364,21.2,5,267,21.1,5
04/16/24 10:49:23 AM,0,364,21.2,5,263,20.9,5
04/16/24 10:49:28 AM,0,365,21.2,5,260,21,5
04/16/24 10:49:33 AM,0,367,21.2,5,259,20.9,5
04/16/24 10:49:38 AM,0,367,21.2,5,258,21,5
04/16/24 10:49:43 AM,0,367,21.2,5,260,20.9,5
04/16/24 10:49:48 AM,0,365,21.2,5,261,20.9,5
04/16/24 10:49:53 AM,0,363,21.2,5,266,20.9,5
04/16/24 10:49:58 AM,0,363,21.2,5,268,21.1,5
04/16/24 10:50:03 AM,0,364,21.2,5,268,21,5
04/16/24 10:50:09 AM,0,366,21.2,5,265,20.9,5
04/16/24 10:50:14 AM,0,369,21.2,5,260,20.9,5
04/16/24 10:50:19 AM,0,370,21.3,5,258,20.9,5
04/16/24 10:50:24 AM,0,369,21.2,5,256,20.9,5
04/16/24 10:50:29 AM,0,367,21.2,5,256,20.9,5
04/16/24 10:50:34 AM,0,361,21.2,5,256,20.9,5
04/16/24 10:50:39 AM,0,357,21.2,5,256,20.9,5
04/16/24 10:50:44 AM,0,356,21.2,5,257,20.9,5
04/16/24 10:50:49 AM,0,354,21.2,5,260,20.9,5
04/16/24 10:50:54 AM,0,355,21.2,5,261,21.1,5
04/16/24 10:50:59 AM,0,356,21.2,5,264,20.9,5
04/16/24 10:51:04 AM,0,357,21.3,5,261,21,5
04/16/24 10:51:09 AM,0,358,21.2,5,260,21.2,5
04/16/24 10:51:14 AM,0,359,21.2,5,253,21,5
04/16/24 10:51:20 AM,0,358,21.2,5,247,21,5
04/16/24 10:51:25 AM,0,360,21.2,5,245,20.9,5
04/16/24 10:51:30 AM,0,361,21.2,5,244,20.9,5
04/16/24 10:51:35 AM,0,364,21.3,5,246,21,5
04/16/24 10:51:40 AM,0,368,21.2,5,249,20.9,5
04/16/24 10:51:45 AM,0,370,21.2,5,253,21,5
04/16/24 10:51:50 AM,0,372,21.2,5,255,21,5
04/16/24 10:51:55 AM,0,371,21.2,5,255,20.9,5
04/16/24 10:52:00 AM,0,369,21.2,5,255,20.9,5
04/16/24 10:52:05 AM,0,368,21.2,5,253,20.9,5
04/16/24 10:52:10 AM,0,365,21.1,5,254,21,5
04/16/24 10:52:15 AM,0,363,21.2,5,255,20.9,5
04/16/24 10:52:20 AM,0,362,21.2,5,258,21,5
04/16/24 10:52:25 AM,0,362,21.2,5,260,20.9,5
04/16/24 10:52:31 AM,0,364,21.2,5,260,20.9,5
04/16/24 10:52:36 AM,0,365,21.2,5,259,20.9,5
04/16/24 10:52:41 AM,0,365,21.2,5,257,20.9,5
04/16/24 10:52:46 AM,0,366,21.2,5,257,20.9,5
04/16/24 10:52:51 AM,0,366,21.2,5,256,20.9,5
04/16/24 10:52:56 AM,0,366,21.2,5,255,20.9,5
04/16/24 10:53:01 AM,0,367,21.3,5,255,21,5
04/16/24 10:53:06 AM,0,368,21.2,5,255,20.9,5
04/16/24 10:53:11 AM,0,369,21.2,5,255,20.9,5
04/16/24 10:53:16 AM,0,369,21.3,5,255,21,5
04/16/24 10:53:21 AM,0,367,21.2,5,256,20.9,5
04/16/24 10:53:26 AM,0,363,21.2,5,256,21.1,5
04/16/24 10:53:31 AM,0,361,21.2,5,256,21,5
04/16/24 10:53:36 AM,0,360,21.2,5,258,20.9,5
04/16/24 10:53:41 AM,0,359,21.2,5,259,21,5
04/16/24 10:53:47 AM,0,357,21.2,5,260,20.9,5
04/16/24 10:53:52 AM,0,357,21.2,5,261,21,5
04/16/24 10:53:57 AM,0,357,21.2,5,260,21,5
04/16/24 10:54:02 AM,0,359,21.2,5,259,20.9,5
04/16/24 10:54:07 AM,0,363,21.2,5,258,21,5
04/16/24 10:54:12 AM,0,365,21.2,5,255,20.9,5
04/16/24 10:54:17 AM,0,366,21.2,5,254,20.9,5
04/16/24 10:54:22 AM,0,366,21.2,5,253,20.9,5
04/16/24 10:54:27 AM,0,365,21.2,5,251,20.9,5
04/16/24 10:54:32 AM,0,363,21.2,5,250,21,5
04/16/24 10:54:37 AM,0,364,21.2,5,249,21,5
04/16/24 10:54:42 AM,0,365,21.2,5,248,20.9,5
04/16/24 10:54:47 AM,0,368,21.2,5,249,20.9,5
04/16/24 10:54:52 AM,0,372,21.2,5,250,20.9,5
04/16/24 10:54:58 AM,0,374,21.2,5,250,20.9,5
04/16/24 10:55:03 AM,0,375,21.1,5,251,21,5
04/16/24 10:55:08 AM,0,374,21.2,5,252,20.9,5
04/16/24 10:55:13 AM,0,374,21.2,5,253,21,5
04/16/24 10:55:18 AM,0,373,21.2,5,254,21,5
04/16/24 10:55:23 AM,0,372,21.1,5,254,21,5
04/16/24 10:55:28 AM,0,371,21.2,5,254,20.9,5
04/16/24 10:55:33 AM,0,371,21.2,5,255,20.9,5
04/16/24 10:55:38 AM,0,368,21.2,5,255,20.9,5
04/16/24 10:55:43 AM,0,364,21.2,5,256,20.9,5
04/16/24 10:55:48 AM,0,363,21.2,5,259,20.9,5
04/16/24 10:55:53 AM,0,361,21.2,5,262,20.9,5
04/16/24 10:55:58 AM,0,363,21.2,5,263,20.9,5
04/16/24 10:56:03 AM,0,365,21.2,5,266,20.9,5
04/16/24 10:56:09 AM,0,369,21.2,5,269,21,5
04/16/24 10:56:14 AM,0,371,21.2,5,269,20.9,5
04/16/24 10:56:19 AM,0,371,21.2,5,270,21,5
04/16/24 10:56:24 AM,0,370,21.2,5,269,20.9,5
04/16/24 10:56:29 AM,0,369,21.2,5,267,21.1,5
04/16/24 10:56:34 AM,0,369,21.2,5,264,20.9,5
04/16/24 10:56:39 AM,0,368,21.2,5,262,20.9,5
04/16/24 10:56:44 AM,0,369,21.2,5,261,20.9,5
04/16/24 10:56:49 AM,0,368,21.2,5,261,21,5
04/16/24 10:56:54 AM,0,369,21.2,5,260,20.9,5
04/16/24 10:56:59 AM,0,370,21.2,5,259,21,5
04/16/24 10:57:04 AM,0,370,21.2,5,256,20.9,5
04/16/24 10:57:09 AM,0,369,21.2,5,256,20.9,5
04/16/24 10:57:14 AM,0,366,21.2,5,257,21,5
04/16/24 10:57:19 AM,0,361,21.2,5,262,21,5
04/16/24 10:57:25 AM,0,360,21.2,5,268,20.9,5
04/16/24 10:57:30 AM,0,359,21.2,5,270,20.9,5
04/16/24 10:57:35 AM,0,359,21.3,5,270,20.9,5
04/16/24 10:57:40 AM,0,360,21.2,5,265,20.9,5
04/16/24 10:57:45 AM,0,362,21.2,5,258,21,5
04/16/24 10:57:50 AM,0,366,21.2,5,255,20.9,5
04/16/24 10:57:55 AM,0,366,21.2,5,250,21,5
04/16/24 10:58:00 AM,0,370,21.2,5,248,20.9,5
04/16/24 10:58:05 AM,0,372,21.2,5,248,20.9,5
04/16/24 10:58:10 AM,0,373,21.2,5,250,20.9,5
04/16/24 10:58:15 AM,0,373,21.2,5,252,21,5
04/16/24 10:58:20 AM,0,372,21.2,5,252,21,5
04/16/24 10:58:25 AM,0,372,21.2,5,254,20.9,5
04/16/24 10:58:30 AM,0,370,21.2,5,256,20.9,5
04/16/24 10:58:36 AM,0,369,21.2,5,258,21,5
04/16/24 10:58:41 AM,0,368,21.2,5,260,21,5
04/16/24 10:58:46 AM,0,367,21.2,5,261,20.9,5
04/16/24 10:58:51 AM,0,366,21.2,5,260,20.9,5
04/16/24 10:58:56 AM,0,365,21.2,5,258,20.9,5
04/16/24 10:59:01 AM,0,365,21.3,5,255,20.9,5
04/16/24 10:59:06 AM,0,365,21.2,5,254,20.9,5
04/16/24 10:59:11 AM,0,365,21.2,5,253,20.9,5
04/16/24 10:59:16 AM,0,366,21.2,5,252,20.9,5
04/16/24 10:59:21 AM,0,366,21.2,5,252,20.9,5
04/16/24 10:59:26 AM,0,366,21.2,5,251,21,5
04/16/24 10:59:31 AM,0,366,21.2,5,252,21,5
04/16/24 10:59:36 AM,0,364,21.2,5,253,20.9,5
04/16/24 10:59:41 AM,0,364,21.2,5,254,20.9,5
04/16/24 10:59:47 AM,0,364,21.2,5,258,21,5
04/16/24 10:59:52 AM,0,366,21.2,5,261,20.9,5
04/16/24 10:59:57 AM,0,368,21.2,5,261,20.9,5
04/16/24 11:00:02 AM,0,370,21.2,5,262,20.9,5
04/16/24 11:00:07 AM,0,368,21.2,5,260,21,5
04/16/24 11:00:12 AM,0,366,21.3,5,259,20.8,5
04/16/24 11:00:17 AM,0,364,21.2,5,259,20.9,5
04/16/24 11:00:22 AM,0,361,21.2,5,260,20.9,5
04/16/24 11:00:27 AM,0,359,21.2,5,261,20.9,5
04/16/24 11:00:32 AM,0,360,21.2,5,264,20.9,5
04/16/24 11:00:37 AM,0,361,21.2,5,265,20.9,5
04/16/24 11:00:42 AM,0,363,21.2,5,266,20.9,5
04/16/24 11:00:47 AM,0,364,21.2,5,266,20.9,5
04/16/24 11:00:52 AM,0,365,21.2,5,268,20.9,5
04/16/24 11:00:57 AM,0,367,21.2,5,269,20.9,5
04/16/24 11:01:03 AM,0,369,21.2,5,268,20.9,5
04/16/24 11:01:08 AM,0,370,21.2,5,265,20.9,5
04/16/24 11:01:13 AM,0,371,21.2,5,262,20.8,5
04/16/24 11:01:18 AM,0,369,21.2,5,257,20.9,5
04/16/24 11:01:23 AM,0,367,21.2,5,255,20.9,5
04/16/24 11:01:28 AM,0,364,21.2,5,257,20.9,5
04/16/24 11:01:33 AM,0,363,21.2,5,260,20.9,5
04/16/24 11:01:38 AM,0,363,21.2,5,266,21,5
04/16/24 11:01:43 AM,0,365,21.2,5,269,20.9,5
04/16/24 11:01:48 AM,0,365,21.2,5,268,20.9,5
04/16/24 11:01:53 AM,0,366,21.1,5,265,20.9,5
04/16/24 11:01:58 AM,0,363,21.2,5,262,21,5
04/16/24 11:02:03 AM,0,361,21.2,5,260,20.9,5
04/16/24 11:02:08 AM,0,360,21.2,5,260,20.9,5
04/16/24 11:02:14 AM,0,358,21.2,5,259,21,5
04/16/24 11:02:19 AM,0,358,21.2,5,258,20.9,5
04/16/24 11:02:24 AM,0,357,21.2,5,257,20.9,5
04/16/24 11:02:29 AM,0,357,21.2,5,255,20.9,5
04/16/24 11:02:34 AM,0,357,21.2,5,253,20.9,5
04/16/24 11:02:39 AM,0,360,21.2,5,254,20.9,5
04/16/24 11:02:44 AM,0,361,21.1,5,255,20.9,5
04/16/24 11:02:49 AM,0,364,21.2,5,255,20.9,5
04/16/24 11:02:54 AM,0,365,21.2,5,256,20.9,5
04/16/24 11:02:59 AM,0,364,21.2,5,257,20.9,5
04/16/24 11:03:04 AM,0,363,21.2,5,258,20.9,5
04/16/24 11:03:09 AM,0,362,21.2,5,259,20.9,5
04/16/24 11:03:14 AM,0,362,21.2,5,259,20.9,5
04/16/24 11:03:19 AM,0,363,21.2,5,257,20.9,5
04/16/24 11:03:25 AM,0,364,21.1,5,255,20.8,5
04/16/24 11:03:30 AM,0,364,21.2,5,253,20.9,5
04/16/24 11:03:35 AM,0,362,21.2,5,253,20.9,5
04/16/24 11:03:40 AM,0,361,21.2,5,254,20.9,5
04/16/24 11:03:45 AM,0,362,21.2,5,255,20.8,5
04/16/24 11:03:50 AM,0,362,21.2,5,257,20.9,5
04/16/24 11:03:55 AM,0,361,21.1,5,257,21,5
04/16/24 11:04:00 AM,0,361,21.2,5,261,20.8,5
04/16/24 11:04:05 AM,0,359,21.2,5,264,20.9,5
04/16/24 11:04:10 AM,0,358,21.2,5,264,20.9,5
04/16/24 11:04:15 AM,0,359,21.2,5,264,20.8,5
04/16/24 11:04:20 AM,0,361,21.2,5,262,21,5
04/16/24 11:04:25 AM,0,363,21.2,5,260,20.9,5
04/16/24 11:04:30 AM,0,363,21.2,5,259,20.9,5
04/16/24 11:04:36 AM,0,362,21.1,5,262,20.9,5
04/16/24 11:04:41 AM,0,359,21.2,5,263,20.9,5
04/16/24 11:04:46 AM,0,360,21.2,5,268,20.9,5
04/16/24 11:04:51 AM,0,361,21.2,5,267,20.9,5
04/16/24 11:04:56 AM,0,365,21.2,5,265,20.9,5
04/16/24 11:05:01 AM,0,368,21.2,5,262,20.9,5
04/16/24 11:05:06 AM,0,369,21.2,5,261,20.9,5
04/16/24 11:05:11 AM,0,366,21.2,5,262,20.9,5
04/16/24 11:05:16 AM,0,362,21.1,5,264,20.9,5
04/16/24 11:05:21 AM,0,361,21.2,5,266,20.9,5
04/16/24 11:05:26 AM,0,361,21.2,5,266,20.9,5
04/16/24 11:05:31 AM,0,364,21.2,5,265,20.9,5
04/16/24 11:05:36 AM,0,365,21.2,5,263,20.9,5
04/16/24 11:05:41 AM,0,365,21.2,5,261,20.9,5
04/16/24 11:05:46 AM,0,363,21.2,5,261,20.9,5
04/16/24 11:05:52 AM,0,362,21.2,5,260,20.9,5
04/16/24 11:05:57 AM,0,359,21.2,5,258,20.9,5
04/16/24 11:06:02 AM,0,359,21.2,5,257,20.9,5
04/16/24 11:06:07 AM,0,360,21.2,5,254,20.8,5
04/16/24 11:06:12 AM,0,364,21.1,5,252,20.9,5
04/16/24 11:06:17 AM,0,366,21.2,5,252,20.9,5
04/16/24 11:06:22 AM,0,367,21.1,5,254,20.8,5
04/16/24 11:06:27 AM,0,366,21.2,5,258,20.9,5
04/16/24 11:06:32 AM,0,365,21.2,5,260,20.9,5
04/16/24 11:06:37 AM,0,364,21.2,5,262,20.8,5
04/16/24 11:06:42 AM,0,363,21.2,5,264,20.9,5
04/16/24 11:06:47 AM,0,361,21.1,5,264,20.8,5
04/16/24 11:06:52 AM,0,360,21.2,5,265,20.9,5
04/16/24 11:06:57 AM,0,359,21.2,5,267,20.9,5
04/16/24 11:07:03 AM,0,358,21.2,5,268,20.9,5
04/16/24 11:07:08 AM,0,359,21.2,5,268,20.9,5
04/16/24 11:07:13 AM,0,361,21.2,5,266,20.9,5
04/16/24 11:07:18 AM,0,365,21.2,5,261,20.9,5
04/16/24 11:07:23 AM,0,368,21.1,5,258,20.9,5
04/16/24 11:07:28 AM,0,368,21.2,5,253,20.8,5
04/16/24 11:07:33 AM,0,366,21.1,5,250,20.9,5
04/16/24 11:07:38 AM,0,363,21.2,5,251,20.9,5
04/16/24 11:07:43 AM,0,363,21.2,5,254,20.9,5
04/16/24 11:07:48 AM,0,364,21.1,5,257,20.9,5
04/16/24 11:07:53 AM,0,369,21.1,5,259,20.9,5
04/16/24 11:07:58 AM,0,371,21.2,5,262,20.8,5
04/16/24 11:08:03 AM,0,376,21,5,263,20.9,5
04/16/24 11:08:08 AM,0,378,21.2,5,264,20.9,5
04/16/24 11:08:14 AM,0,378,21.2,5,264,20.9,5
04/16/24 11:08:19 AM,0,377,21.3,5,263,21,5
04/16/24 11:08:24 AM,0,375,21.2,5,263,20.9,5
04/16/24 11:08:29 AM,0,370,21.2,5,262,20.9,5
04/16/24 11:08:34 AM,0,368,21.2,5,260,20.9,5
04/16/24 11:08:39 AM,0,365,21.2,5,260,20.9,5
04/16/24 11:08:44 AM,0,364,21.2,5,259,20.9,5
04/16/24 11:08:49 AM,0,364,21.2,5,259,20.9,5
04/16/24 11:08:54 AM,0,365,21.2,5,261,20.9,5
04/16/24 11:08:59 AM,0,363,21.2,5,262,20.8,5
04/16/24 11:09:04 AM,0,363,21.2,5,260,20.9,5
04/16/24 11:09:09 AM,0,360,21.2,5,258,20.9,5
04/16/24 11:09:14 AM,0,358,21.1,5,257,21,5
04/16/24 11:09:19 AM,0,357,21.2,5,255,20.9,5
04/16/24 11:09:24 AM,0,359,21.2,5,256,20.9,5
04/16/24 11:09:30 AM,0,362,21.2,5,257,20.9,5
04/16/24 11:09:35 AM,0,364,21.2,5,260,20.9,5
04/16/24 11:09:40 AM,0,367,21.1,5,266,20.9,5
04/16/24 11:09:45 AM,0,368,21.1,5,268,20.8,5
04/16/24 11:09:50 AM,0,368,21.2,5,269,20.8,5
04/16/24 11:09:55 AM,0,368,21.1,5,271,20.9,5
04/16/24 11:10:00 AM,0,367,21.2,5,272,20.9,5
04/16/24 11:10:05 AM,0,366,21.2,5,270,20.9,5
04/16/24 11:10:10 AM,0,365,21.3,5,270,20.8,5
04/16/24 11:10:15 AM,0,366,21.2,5,270,20.8,5
04/16/24 11:10:20 AM,0,367,21.2,5,268,20.8,5
04/16/24 11:10:25 AM,0,368,21.2,5,265,20.9,5
04/16/24 11:10:30 AM,0,370,21.2,5,262,20.9,5
04/16/24 11:10:35 AM,0,370,21.2,5,259,21,5
04/16/24 11:10:41 AM,0,370,21.2,5,256,20.9,5
04/16/24 11:10:46 AM,0,367,21.2,5,256,20.9,5
04/16/24 11:10:51 AM,0,362,21.1,5,256,20.9,5
04/16/24 11:10:56 AM,0,361,21.2,5,258,21,5
04/16/24 11:11:01 AM,0,360,21.2,5,264,20.8,5
04/16/24 11:11:06 AM,0,360,21.2,5,265,20.9,5
04/16/24 11:11:11 AM,0,361,21.1,5,266,20.9,5
04/16/24 11:11:16 AM,0,363,21.1,5,266,20.9,5
04/16/24 11:11:21 AM,0,367,21.1,5,264,20.9,5
04/16/24 11:11:26 AM,0,368,21.2,5,261,20.9,5
04/16/24 11:11:31 AM,0,369,21.1,5,261,20.8,5
04/16/24 11:11:36 AM,0,369,21.2,5,261,20.9,5
04/16/24 11:11:41 AM,0,368,21.1,5,264,20.9,5
04/16/24 11:11:46 AM,0,369,21.2,5,266,20.9,5
04/16/24 11:11:52 AM,0,371,21.2,5,268,21,5
04/16/24 11:11:57 AM,0,374,21.1,5,268,20.9,5
04/16/24 11:12:02 AM,0,376,21.2,5,267,20.9,5
04/16/24 11:12:07 AM,0,377,21.1,5,267,20.8,5
04/16/24 11:12:12 AM,0,375,21.2,5,267,20.9,5
04/16/24 11:12:17 AM,0,372,21.2,5,265,20.9,5
04/16/24 11:12:22 AM,0,365,21.1,5,265,20.8,5
04/16/24 11:12:27 AM,0,361,21.2,5,264,20.9,5
04/16/24 11:12:32 AM,0,360,21.2,5,264,20.9,5
04/16/24 11:12:37 AM,0,361,21.1,5,267,20.8,5
04/16/24 11:12:42 AM,0,366,21.2,5,268,20.8,5
04/16/24 11:12:47 AM,0,368,21.2,5,270,20.9,5
04/16/24 11:12:52 AM,0,371,21.1,5,271,21,5
04/16/24 11:12:57 AM,0,370,21.2,5,270,20.9,5
04/16/24 11:13:03 AM,0,369,21.2,5,268,21,5
04/16/24 11:13:08 AM,0,366,21.2,5,266,20.9,5
04/16/24 11:13:13 AM,0,363,21.1,5,264,20.9,5
04/16/24 11:13:18 AM,0,361,21.1,5,262,20.8,5
04/16/24 11:13:23 AM,0,359,21.2,5,261,20.9,5
04/16/24 11:13:28 AM,0,359,21.2,5,261,20.9,5
04/16/24 11:13:33 AM,0,359,21.2,5,262,20.9,5
04/16/24 11:13:38 AM,0,360,21.2,5,263,20.9,5
04/16/24 11:13:43 AM,0,362,21.2,5,263,20.9,5
04/16/24 11:13:48 AM,0,365,21.2,5,264,20.8,5
04/16/24 11:13:53 AM,0,366,21.2,5,264,20.9,5
04/16/24 11:13:58 AM,0,367,21.2,5,265,20.9,5
04/16/24 11:14:03 AM,0,367,21.2,5,266,20.8,5
04/16/24 11:14:08 AM,0,366,21.2,5,265,20.9,5
04/16/24 11:14:13 AM,0,364,21.2,5,262,20.9,5
04/16/24 11:14:19 AM,0,364,21.2,5,260,21,5
04/16/24 11:14:24 AM,0,364,21.2,5,256,21,5
04/16/24 11:14:29 AM,0,366,21.1,5,255,21,5
04/16/24 11:14:34 AM,0,370,21.2,5,255,20.9,5
04/16/24 11:14:39 AM,0,372,21.2,5,256,20.8,5
04/16/24 11:14:44 AM,0,375,21.2,5,258,20.8,5
04/16/24 11:14:49 AM,0,375,21.2,5,260,21,5
04/16/24 11:14:54 AM,0,374,21.2,5,260,20.9,5
04/16/24 11:14:59 AM,0,372,21.1,5,259,20.9,5
04/16/24 11:15:04 AM,0,370,21.1,5,258,21,5
04/16/24 11:15:09 AM,0,369,21.2,5,255,20.9,5
04/16/24 11:15:14 AM,0,368,21.2,5,257,20.8,5
04/16/24 11:15:19 AM,0,367,21.2,5,258,20.9,5
04/16/24 11:15:24 AM,0,368,21.2,5,262,20.8,5
04/16/24 11:15:30 AM,0,368,21.2,5,265,20.8,5
04/16/24 11:15:35 AM,0,370,21.1,5,266,20.9,5
04/16/24 11:15:40 AM,0,372,21.2,5,264,20.9,5
04/16/24 11:15:45 AM,0,373,21.2,5,262,20.9,5
04/16/24 11:15:50 AM,0,374,21.2,5,261,21,5
04/16/24 11:15:55 AM,0,375,21.2,5,260,20.9,5
04/16/24 11:16:00 AM,0,376,21.2,5,261,20.9,5
04/16/24 11:16:05 AM,0,375,21.2,5,264,20.8,5
04/16/24 11:16:10 AM,0,375,21.1,5,264,20.8,5
04/16/24 11:16:15 AM,0,374,21.2,5,265,20.9,5
04/16/24 11:16:20 AM,0,372,21.2,5,264,20.9,5
04/16/24 11:16:25 AM,0,370,21.2,5,263,20.9,5
04/16/24 11:16:30 AM,0,368,21.2,5,261,20.9,5
04/16/24 11:16:35 AM,0,362,21.2,5,260,20.8,5
04/16/24 11:16:41 AM,0,359,21.2,5,260,20.8,5
04/16/24 11:16:46 AM,0,357,21.2,5,260,20.8,5
04/16/24 11:16:51 AM,0,357,21.2,5,260,20.8,5
04/16/24 11:16:56 AM,0,360,21.1,5,260,21,5
04/16/24 11:17:01 AM,0,362,21.2,5,261,20.8,5
04/16/24 11:17:06 AM,0,367,21.2,5,263,20.8,5
04/16/24 11:17:11 AM,0,369,21.2,5,264,20.9,5
04/16/24 11:17:16 AM,0,370,21.1,5,268,20.8,5
04/16/24 11:17:21 AM,0,370,21.1,5,269,20.9,5
04/16/24 11:17:26 AM,0,369,21.2,5,269,20.9,5
04/16/24 11:17:31 AM,0,370,21.2,5,268,21,5
04/16/24 11:17:36 AM,0,369,21.1,5,264,20.9,5
04/16/24 11:17:41 AM,0,369,21.1,5,261,21,5
04/16/24 11:17:46 AM,0,367,21.1,5,256,20.9,5
04/16/24 11:17:51 AM,0,364,21.1,5,251,20.9,5
04/16/24 11:17:57 AM,0,362,21.2,5,251,20.8,5
04/16/24 11:18:02 AM,0,362,21.2,5,252,21,5
04/16/24 11:18:07 AM,0,363,21.2,5,256,20.9,5
04/16/24 11:18:12 AM,0,366,21.1,5,260,20.8,5
04/16/24 11:18:17 AM,0,367,21.2,5,261,20.9,5
04/16/24 11:18:22 AM,0,366,21.1,5,263,20.9,5
04/16/24 11:18:27 AM,0,364,21.1,5,263,20.8,5
04/16/24 11:18:32 AM,0,363,21.1,5,262,20.9,5
04/16/24 11:18:37 AM,0,363,21.2,5,262,20.9,5
04/16/24 11:18:42 AM,0,366,21.2,5,262,20.9,5
04/16/24 11:18:47 AM,0,368,21.2,5,262,20.8,5
04/16/24 11:18:52 AM,0,367,21.1,5,263,20.8,5
04/16/24 11:18:57 AM,0,363,21.2,5,262,20.8,5
04/16/24 11:19:02 AM,0,356,21.2,5,261,20.9,5
04/16/24 11:19:08 AM,0,352,21.1,5,260,20.8,5
04/16/24 11:19:13 AM,0,351,21.1,5,260,20.8,5
04/16/24 11:19:18 AM,0,354,21.2,5,260,20.8,5
04/16/24 11:19:23 AM,0,358,21.2,5,260,20.8,5
04/16/24 11:19:28 AM,0,360,21.2,5,259,20.9,5
04/16/24 11:19:33 AM,0,362,21.1,5,259,20.8,5
04/16/24 11:19:38 AM,0,363,21.2,5,259,21,5
04/16/24 11:19:43 AM,0,362,21.1,5,261,20.8,5
04/16/24 11:19:48 AM,0,362,21.2,5,261,20.9,5
04/16/24 11:19:53 AM,0,364,21.1,5,260,20.8,5
04/16/24 11:19:58 AM,0,365,21.2,5,258,20.8,5
04/16/24 11:20:03 AM,0,369,21.2,5,255,20.8,5
04/16/24 11:20:08 AM,0,372,21.1,5,254,20.8,5
04/16/24 11:20:13 AM,0,373,21.1,5,257,21,5
04/16/24 11:20:18 AM,0,373,21.1,5,260,20.9,5
04/16/24 11:20:24 AM,0,371,21.1,5,262,20.8,5
04/16/24 11:20:29 AM,0,368,21.2,5,266,20.9,5
04/16/24 11:20:34 AM,0,365,21.1,5,264,20.8,5
04/16/24 11:20:39 AM,0,361,21.1,5,261,20.8,5
04/16/24 11:20:44 AM,0,361,21.1,5,257,20.8,5
04/16/24 11:20:49 AM,0,358,21.2,5,252,21,5
04/16/24 11:20:54 AM,0,356,21.1,5,250,20.8,5
04/16/24 11:20:59 AM,0,354,21.1,5,249,20.9,5
04/16/24 11:21:04 AM,0,353,21.1,5,248,20.8,5
04/16/24 11:21:09 AM,0,352,21.1,5,249,21,5
04/16/24 11:21:14 AM,0,355,21.1,5,252,20.9,5
04/16/24 11:21:19 AM,0,357,21.1,5,254,20.8,5
04/16/24 11:21:24 AM,0,362,21.1,5,256,20.8,5
04/16/24 11:21:29 AM,0,365,21.1,5,259,20.9,5
04/16/24 11:21:35 AM,0,366,21.2,5,261,20.9,5
04/16/24 11:21:40 AM,0,366,21.2,5,260,20.8,5
04/16/24 11:21:45 AM,0,367,21.2,5,259,20.9,5
04/16/24 11:21:50 AM,0,367,21.2,5,259,20.9,5
04/16/24 11:21:55 AM,0,368,21.2,5,259,20.8,5
04/16/24 11:22:00 AM,0,367,21.1,5,259,21,5
04/16/24 11:22:05 AM,0,367,21.1,5,262,21,5
04/16/24 11:22:10 AM,0,364,21.2,5,262,20.8,5
04/16/24 11:22:15 AM,0,361,21.2,5,262,20.9,5
04/16/24 11:22:20 AM,0,360,21.2,5,262,21,5
04/16/24 11:22:25 AM,0,363,21.2,5,262,21,5
04/16/24 11:22:30 AM,0,367,21.1,5,263,21,5
04/16/24 11:22:35 AM,0,368,21.1,5,265,20.9,5
04/16/24 11:22:40 AM,0,369,21.2,5,267,21,5
04/16/24 11:22:46 AM,0,370,21.1,5,267,20.9,5
04/16/24 11:22:51 AM,0,370,21.1,5,267,20.8,5
04/16/24 11:22:56 AM,0,371,21.2,5,265,20.9,5
04/16/24 11:23:01 AM,0,374,21.1,5,264,20.9,5
04/16/24 11:23:06 AM,0,375,21.2,5,262,20.9,5
04/16/24 11:23:11 AM,0,374,21.2,5,262,20.9,5
04/16/24 11:23:16 AM,0,372,21.1,5,261,20.8,5
04/16/24 11:23:21 AM,0,371,21.2,5,259,20.8,5
04/16/24 11:23:26 AM,0,371,21.1,5,256,20.8,5
04/16/24 11:23:31 AM,0,373,21.2,5,253,20.8,5
04/16/24 11:23:36 AM,0,373,21.2,5,251,20.9,5
04/16/24 11:23:41 AM,0,373,21.2,5,252,21,5
04/16/24 11:23:46 AM,0,370,21.2,5,254,20.8,5
04/16/24 11:23:51 AM,0,364,21.3,5,255,20.8,5
04/16/24 11:23:57 AM,0,362,21.1,5,256,20.9,5
04/16/24 11:24:02 AM,0,359,21.1,5,257,20.9,5
04/16/24 11:24:07 AM,0,358,21.2,5,258,20.9,5
04/16/24 11:24:12 AM,0,359,21.2,5,261,20.8,5
04/16/24 11:24:17 AM,0,359,21.1,5,263,20.9,5
04/16/24 11:24:22 AM,0,361,21.2,5,264,20.8,5
04/16/24 11:24:27 AM,0,362,21.2,5,263,20.8,5
04/16/24 11:24:32 AM,0,362,21.2,5,261,21,5
04/16/24 11:24:37 AM,0,362,21.2,5,259,21,5
04/16/24 11:24:42 AM,0,362,21.1,5,258,20.8,5
04/16/24 11:24:47 AM,0,361,21.2,5,256,20.9,5
04/16/24 11:24:52 AM,0,361,21.1,5,255,20.9,5
04/16/24 11:24:57 AM,0,359,21.1,5,256,20.9,5
04/16/24 11:25:02 AM,0,360,21.1,5,258,20.8,5
04/16/24 11:25:07 AM,0,359,21.2,5,258,20.9,5
04/16/24 11:25:13 AM,0,360,21.2,5,263,21,5
04/16/24 11:25:18 AM,0,360,21.2,5,264,20.8,5
04/16/24 11:25:23 AM,0,361,21.1,5,265,20.9,5
04/16/24 11:25:28 AM,0,360,21.1,5,263,20.9,5
04/16/24 11:25:33 AM,0,360,21.2,5,261,20.8,5
04/16/24 11:25:38 AM,0,359,21.2,5,258,20.9,5
04/16/24 11:25:43 AM,0,359,21.1,5,257,20.9,5
04/16/24 11:25:48 AM,0,360,21.2,5,256,21,5
04/16/24 11:25:53 AM,0,364,21.1,5,257,20.9,5
04/16/24 11:25:58 AM,0,367,21.2,5,257,20.8,5
04/16/24 11:26:03 AM,0,367,21.1,5,258,20.9,5
04/16/24 11:26:08 AM,0,366,21.2,5,258,20.8,5
04/16/24 11:26:13 AM,0,363,21.1,5,259,20.9,5
04/16/24 11:26:18 AM,0,357,21.2,5,261,20.9,5
04/16/24 11:26:24 AM,0,356,21.2,5,262,20.9,5
04/16/24 11:26:29 AM,0,356,21.2,5,262,20.8,5
04/16/24 11:26:34 AM,0,358,21.2,5,263,20.8,5
04/16/24 11:26:39 AM,0,359,21.2,5,263,20.9,5
04/16/24 11:26:44 AM,0,361,21.2,5,263,20.9,5
04/16/24 11:26:49 AM,0,359,21.1,5,264,20.9,5
04/16/24 11:26:54 AM,0,360,21.1,5,263,20.9,5
04/16/24 11:26:59 AM,0,362,21.2,5,262,20.8,5
04/16/24 11:27:04 AM,0,367,21.2,5,261,20.9,5
04/16/24 11:27:09 AM,0,370,21.1,5,259,20.8,5
04/16/24 11:27:14 AM,0,373,21.1,5,259,20.9,5
04/16/24 11:27:19 AM,0,373,21.1,5,259,21,5
04/16/24 11:27:24 AM,0,372,21.1,5,260,21,5
04/16/24 11:27:29 AM,0,371,21.2,5,262,20.8,5
04/16/24 11:27:35 AM,0,370,21.2,5,262,20.9,5
04/16/24 11:27:40 AM,0,371,21.1,5,264,20.9,5
04/16/24 11:27:45 AM,0,372,21.2,5,266,20.8,5
04/16/24 11:27:50 AM,0,372,21.1,5,266,20.8,5
04/16/24 11:27:55 AM,0,372,21.2,5,264,20.8,5
04/16/24 11:28:00 AM,0,372,21.1,5,262,20.9,5
04/16/24 11:28:05 AM,0,371,21.2,5,260,20.9,5
04/16/24 11:28:10 AM,0,368,21.1,5,258,20.8,5
04/16/24 11:28:15 AM,0,367,21.2,5,258,20.9,5
04/16/24 11:28:20 AM,0,364,21.2,5,258,20.8,5
04/16/24 11:28:25 AM,0,360,21.1,5,261,21,5
04/16/24 11:28:30 AM,0,359,21.1,5,262,20.8,5
